<?xml version="1.0" encoding="UTF-8"?>
<fr>
<string id="Summary">Nouveautés</string>
<string id="Last published items">Les derniers éléments publiés</string>

<string id="Recent activity">Activité récente</string>
<string id="Block title">Titre du bloc</string>
<string id="Uploaded file">Fichier déposé</string>
<string id="Published article">Article publié</string>
<string id="Modified article">Article modifié</string>
<string id="Number of lines to display">Nombre de lignes à afficher</string>

<string id="Article category">Catégorie de thèmes</string>
<string id="Folder">Répertoire de fichiers</string>
<string id="Topics to exclude">Thèmes à exclure</string>

<string id="Hide articles">Ne pas afficher les articles</string>
<string id="Hide files">Ne pas afficher les fichiers</string>

<string id="List of recently published articles or files.">Liste des articles et fichiers récemment publiés.</string>
</fr>