<?xml version="1.0" encoding="UTF-8"?>
<fr>

<string id="Date format: '%s'.  Eg. '%s'">Format de date : '%s'.  Par exemple '%s'</string>
<string id="From">Du</string>
<string id="To">Au</string>

<string id="Import CSV file">Importer le fichier CSV</string>
<string id="Field delimiter">Séparateur de champ</string>
<string id="Field enclosure character">Séparateur de texte</string>
<string id="File encoding">Jeu de caractères du fichier</string>
<string id="Import also the first line of the CSV file">Importer aussi la première ligne du fichier CSV</string>

<string id="Tab">Tabulation</string>
<string id="Comma">Virgule</string>
<string id="Semicolon">Point-virgule</string>
<string id="Double quotation mark">Guillemet double</string>
<string id="Accent (`)">Accent grave (`)</string>

<string id="Add file">Ajouter un fichier</string>
<string id="Add files">Ajouter des fichiers</string>
<string id="Select file">Sélectionner un fichier</string>
<string id="Do you really want to delete this file?">Voulez-vous réellement supprimer ce fichier ?</string>
<string id="Loading...">Chargement...</string>
<string id="Error while uploading file">Erreur lors du chargement du fichier</string>
<string id="Error while deleting file">Erreur lors de la suppression du fichier</string>
<string id="The file %s already exists, replace?">Le fichier %s existe déjà, le remplacer?</string>
<string id="This type of file is not allowed">Ce type de fichier n'est pas autorisé</string>
<string id="Memory usage">Utilisation mémoire</string>

<string id="Images found on Google">Images trouvées par Google</string>
<string id="More results on Google Images...">Plus de résultats sur Google Images...</string>
<string id="Error : the search keywords are missing, fill the form first">Erreur : les mots-clés de recherche sont manquant, il faut remplir le formulaire</string>
<string id="Google found no result for the keyword(s)">Google n'a trouvé aucun résutat pour le(s) mot(s)-clé(s)</string>
<string id="The file can't be downloaded from the internet to the web server">Le fichier ne peut pas être téléchargé depuis internet vers le serveur web</string>
<string id="The file does not exists">Le fichier n'existe pas</string>

<string id=":"> :</string>

<string id="%d lines">%d lignes</string>
<string id="Filter">Filtrer</string>
<string id="More">Plus</string>
<string id="Less">Moins</string>
<string id="Next">Suivant</string>
<string id="The field %s is mandatory to import, the value is missing on line %d of the CSV file">Le champ %s est obligatoire pour l'import, la valeur est manquante en ligne %d du fichier CSV</string>
<string id="The field %s must be associated to a CSV column">Le champ %s doit être associé à une colonne du fichier CSV</string>
<string id="This field is mandatory">Ce champ est obligatoire</string>
<string id="Mandatory fields :">Champs obligatoires :</string>
<string id="Optional fields :">Champs optionnels :</string>

<string id="Select a color">Sélectionnez une couleur</string>
<string id="Expand">Déployer</string>
<string id="Collapse">Réduire</string>

<string id="All">Tous</string>
<string id="Choose an option">Choisir une option</string>
<string id="No topic selected">Pas de thème sélectionné</string>
<string id="Choose a topic">Choisir un thème</string>
<string id="Choose a group">Choisir un groupe</string>
<string id="Choose a sitemap item">Choisissez un noeud du plan du site</string>

<string id="Choose displayed columns">Choisissez les colonnes à afficher</string>
<string id="Reset to default columns">Remettre les colonnes par défaut</string>

<string id="Invalid email address">L'adresse email n'est pas valide</string>

<string id="The file %s (%01.2f Kb) is bigger than the maximum allowed to upload (%d Kb)">Le fichier %s (%01.2f Ko) est plus gros que la taille maximale autorisée pour le chargement (%d Ko)</string>
<string id="Set groups">Définir les groupes</string>
<string id="And the group children">Le groupe et ses enfants</string>
<string id="Set of groups">Ensemble de groupes</string>

<string id="Invalid url address">Adresse URL invalide</string>
<string id="Deploy to checked boxes">Déployer vers les cases cochées</string>
<string id="Remove group">Supprimer le groupe</string>
<string id="No sitemap item selected">Aucun noeud du plan du site sélectionné</string>
<string id="None">Aucun</string>

<string id="Bad">Mauvais</string>
<string id="Poor">Pauvre</string>
<string id="Regular">Normal</string>
<string id="Good">Bon</string>
<string id="Gorgeous">Magnifique</string>

<string id="Yes">Oui</string>
<string id="No">Non</string>
<string id="Page %d : %s to %s">Page %d : %s à %s</string>
<string id="The telephone number is not valid.">Le numéro téléphonique n'est pas valide</string>

<string id="No">Non</string>
<string id="# selected"># séléctionné(s)</string>
<string id="Select options">À sélectionner...</string>
<string id="Check all">Tout cocher</string>
<string id="Uncheck all">Tout décocher</string>

<string id="Error while creating destination folder %s">Erreur lors de la création du dossier de destination %s</string>
<string id="No group selected">Pas de groupe sélectionné</string>
<string id="The ExcelExport functionality must be available to export as an Excel spreadsheet.">La fonctionnalité ExcelExport doit être disponible pour pouvoir exporter dans une feuille Excel.</string>

<string id="and childnodes">et ses enfants</string>
<string id="Do you want to submit the form anyway?">Voulez-vous soumettre le formulaire malgré cette erreur ?</string>

<string id="Sorry, there was a problem while trying to access sitemap '%s'.">Désolé, un problème s'est produit en essayant d'accéder au plan de site '%s'.</string>
<string id="Table configuration">Configuration du tableau</string>
<string id="Number of lines per page">Nombre de lignes par page</string>
<string id="Please, wait for all files to finish uploading.">Veuillez attendre que tous les fichiers soient téléchargés sur le serveur.</string>

<string id="No function selected">Pas de function sélectionné</string>
<string id="More than %s user(s)">Plus de %s utilisateur(s)</string>

<string id="Enter keywords">Saisissez vos mots-clés</string>
</fr>
